command_id,cancel date,repayment_date
1,2021-01-20,2021-01-31
2,2021-01-19,2021-01-31
3,2016-10-09,2016-10-17
4,2017-01-03,2017-01-14
5,2020-01-10,2020-01-23
6,2019-04-06,2019-04-14
7,2021-04-04,2021-04-12
8,2015-10-09,2015-10-18
9,2018-09-03,2018-09-15
10,2018-11-08,2018-11-19
11,2020-07-21,2020-07-29
12,2019-07-06,2019-07-17
13,2010-08-12,2010-08-24
14,2020-06-12,2020-06-22
15,2021-03-02,2021-03-13
16,2016-12-10,2016-12-20
17,2019-02-05,2019-02-18
18,2020-11-08,2020-11-20
19,2017-06-14,2017-06-26
20,2021-04-20,2021-05-03
21,2021-01-18,2021-01-30
22,2017-05-26,2017-06-07
23,2019-11-07,2019-11-16
24,2015-04-10,2015-04-18
25,2021-05-26,2021-06-04
26,2021-03-21,2021-03-30
27,2021-04-30,2021-05-11
28,2014-04-13,2014-04-26
29,2020-12-12,2020-12-22
30,2013-10-21,2013-11-01
31,2021-04-22,2021-05-03
32,2015-06-18,2015-06-26
33,2021-01-14,2021-01-24
34,2021-02-02,2021-02-11
35,2020-10-12,2020-10-24
36,2020-03-25,2020-04-05
37,2020-04-02,2020-04-12
38,2015-07-19,
39,2015-02-19,
40,2019-02-10,
41,2019-08-16,
42,2018-09-27,
43,2019-07-11,
44,2017-06-18,
45,2019-11-26,
46,2019-11-07,
47,2016-07-19,
48,2019-06-10,
49,2012-09-19,
50,2018-05-03,
51,2021-04-15,
52,2020-02-29,
53,2019-11-24,
54,2021-05-20,
55,2019-12-08,
56,2020-10-05,
57,2017-02-20,
58,2019-05-02,
59,2020-06-07,
60,2013-03-14,
61,2020-10-20,
62,2020-07-20,
63,2015-09-16,
64,2019-09-17,
65,2019-11-05,
66,2017-04-23,
67,2021-01-04,
68,2018-01-10,
69,2012-10-26,
70,2020-11-11,
71,2021-01-06,
72,2013-07-24,
73,2015-05-01,
74,2016-04-15,
75,2020-09-30,
76,2017-07-31,
77,2020-03-22,
78,2019-06-03,
79,2020-09-27,
80,2018-12-25,
81,2021-02-04,
82,2011-02-01,
83,2020-05-01,
84,2016-09-15,
85,2021-05-12,
86,2016-07-22,
87,2020-05-10,
88,2019-03-08,
89,2016-06-22,
90,2020-09-13,
91,2020-11-25,
92,2017-05-11,
93,2018-10-03,
94,2015-02-21,
95,2020-06-24,
96,2016-04-23,
97,2021-04-06,
98,2014-03-09,
99,2015-06-07,
100,2011-03-03,
101,2019-09-29,2019-10-07
102,2019-06-26,2019-07-07
103,2019-10-12,2019-10-22
104,2017-12-26,2018-01-06
105,2021-02-08,2021-02-18
106,2018-08-18,2018-08-27
107,2013-11-17,2013-11-29
108,2017-11-11,2017-11-23
109,2020-02-19,2020-02-28
110,2017-05-05,2017-05-17
111,2016-07-25,2016-08-04
112,2018-02-23,2018-03-04
113,2016-09-14,2016-09-27
114,2019-03-09,2019-03-20
115,2012-02-02,2012-02-13
116,2020-11-21,2020-11-30
117,2020-01-19,2020-01-31
118,2020-09-11,2020-09-21
119,2019-06-19,
120,2021-01-19,
121,2017-07-30,
122,2014-06-25,
123,2016-10-30,
124,2016-12-18,
125,2018-07-12,
126,2017-10-18,
127,2013-11-18,
128,2013-12-28,
129,2018-04-23,
130,2019-10-13,
131,2018-02-04,
132,2020-05-02,
133,2019-12-23,
134,2021-02-15,
135,2015-05-31,
136,2021-03-30,
137,2021-02-06,
138,2021-02-19,
139,2021-02-26,
140,2018-06-15,2018-06-28
141,2019-12-02,2019-12-13
142,2021-01-17,2021-01-25
143,2018-10-02,2018-10-11
144,2020-12-13,2020-12-24
145,2018-09-02,2018-09-14
146,2016-11-06,2016-11-16
147,2019-11-25,2019-12-03
148,2020-10-06,2020-10-14
149,2019-06-08,2019-06-20
150,2019-12-05,2019-12-14
151,1900-01-01,
152,1899-12-31,
153,1900-01-01,
154,1899-12-31,
155,1899-12-31,
156,1900-01-01,
157,1899-12-31,
158,1899-12-31,
159,1900-01-01,
160,2014-11-22,
161,2017-09-06,
162,2019-12-16,
163,2020-01-30,
164,2020-09-02,
165,2017-05-29,
166,2018-06-29,
167,2020-06-15,
168,2017-02-24,
169,2016-03-12,
170,2020-04-07,
171,2015-03-06,
172,2021-03-28,
173,2019-01-24,
174,2016-09-05,
175,2018-02-11,
176,2019-10-04,
177,2014-04-27,
178,2020-07-22,
179,2021-02-07,
180,2020-04-06,
181,2019-12-14,
182,2015-01-27,
183,2020-03-24,
184,2016-03-20,
185,2021-01-07,
186,2018-03-13,
187,2020-12-10,
188,2021-05-20,
189,2016-03-12,
190,2019-06-15,
191,2020-09-13,
192,2019-05-12,
193,2020-10-27,
194,2015-06-28,
195,2011-03-07,
196,2020-03-02,
197,2017-11-29,
198,2015-02-22,
199,2017-11-15,
200,2019-03-03,
205,2021-01-10,
206,2020-11-07,
207,2020-08-08,
208,2020-09-15,
209,2016-10-07,
210,2020-12-25,
211,2020-12-13,
212,2015-05-01,
213,2017-03-03,
214,2020-09-29,
215,2016-05-08,
216,2021-04-22,
217,2014-02-15,
218,2016-11-14,
219,2019-04-05,
220,2020-04-23,
251,2012-07-10,
252,2019-09-03,
253,2020-05-11,
254,2015-11-23,
255,2021-05-12,
256,2016-10-26,
257,2017-12-21,
258,2014-02-24,
259,2014-01-02,
260,2020-06-14,
261,2019-06-02,
262,2015-03-17,
263,2020-06-17,
264,2019-03-24,
265,2016-10-31,
266,2015-06-19,
267,2020-05-11,
268,2021-04-12,
269,2014-11-18,
270,2014-09-26,
271,2019-05-06,
272,2020-07-22,
273,2019-03-06,
274,2017-11-19,
275,2021-01-18,
307,2020-06-07,
308,2021-05-02,
309,2012-11-27,
310,2021-03-16,
311,2019-05-13,
312,2015-01-27,
313,2020-06-15,
314,2019-09-13,
315,2020-05-23,
316,2016-08-05,
317,2016-06-27,
318,2018-05-06,
319,2020-09-30,
320,2016-03-09,
354,2012-07-03,
355,2021-04-05,
356,2018-03-05,
357,2015-12-27,
358,2020-09-28,
359,2021-02-19,
360,2018-11-14,
361,2019-04-29,
362,2018-08-27,
363,2021-01-13,
364,2017-08-31,
365,2021-03-21,
366,2017-08-05,
367,2020-05-29,
368,2016-05-10,
369,2019-06-04,
370,2017-04-21,
371,2020-05-02,
404,2019-06-28,2019-07-11
405,2021-04-28,2021-05-11
406,2019-09-09,2019-09-23
407,2019-08-21,2019-09-07
408,2019-08-08,2019-08-21
409,2016-10-18,2016-11-01
410,2017-05-28,2017-06-12
411,2020-09-08,2020-09-23
412,2016-05-13,2016-05-28
413,2020-12-27,2021-01-13
414,2019-12-14,2019-12-23
415,2018-08-23,2018-08-31
416,2020-01-16,2020-01-24
417,2012-10-19,2012-10-29
418,2016-07-24,2016-08-04
419,2016-08-29,2016-09-07
420,2020-01-06,2020-01-15
421,2017-07-22,2017-08-03
422,2018-08-05,2018-08-15
